date,gold_price,usd_idr,inflation,interest_rate
2025-10-01,2237000,16632.0,0.0286,0.0475
2025-10-02,2235000,16616.0,0.0286,0.0475
2025-10-03,2235000,16565.0,0.0286,0.0475
2025-10-04,2239000,16565.0,0.0286,0.0475
2025-10-06,2250000,16615.0,0.0286,0.0475
2025-10-07,2284000,16570.0,0.0286,0.0475
2025-10-08,2296000,16595.0,0.0286,0.0475
2025-10-09,2303000,16560.0,0.0286,0.0475
2025-10-10,2294000,16590.0,0.0286,0.0475
2025-10-11,2299000,16590.0,0.0286,0.0475
2025-10-13,2305000,16582.0,0.0286,0.0475
2025-10-14,2331000,16629.0,0.0286,0.0475
2025-10-14,2360000,16629.0,0.0286,0.0475
2025-10-15,2383000,16602.0,0.0286,0.0475
2025-10-16,2407000,16607.0,0.0286,0.0475
2025-10-17,2485000,16579.0,0.0286,0.0475
2025-10-18,2428000,16579.0,0.0286,0.0475
2025-10-20,2415000,16563.0,0.0286,0.0475
2025-10-21,2487000,16605.0,0.0286,0.0475
2025-10-22,2310000,16619.0,0.0286,0.0475
2025-10-23,2337000,16625.0,0.0286,0.0475
2025-10-23,2321000,16625.0,0.0286,0.0475
2025-10-24,2354000,16608.0,0.0286,0.0475
2025-10-24,2354000,16608.0,0.0286,0.0475
2025-10-25,2350000,16608.0,0.0286,0.0475
2025-10-27,2327000,16619.0,0.0286,0.0475
2025-10-28,2282000,16616.0,0.0286,0.0475
2025-10-29,2267000,16562.0,0.0286,0.0475
2025-10-30,2263000,16666.0,0.0286,0.0475
2025-10-31,2305000,16662.0,0.0286,0.0475
2025-11-01,2290000,16662.0,0.0272,0.0475
2025-11-03,2278000,16710.0,0.0272,0.0475
2025-11-03,2278000,16710.0,0.0272,0.0475
2025-11-04,2286000,16721.0,0.0272,0.0475
2025-11-05,2260000,16704.0,0.0272,0.0475
2025-11-06,2287000,16677.0,0.0272,0.0475
2025-11-06,2287000,16677.0,0.0272,0.0475
2025-11-07,2296000,16698.0,0.0272,0.0475
2025-11-08,2299000,16698.0,0.0272,0.0475
2025-11-10,2307000,16693.0,0.0272,0.0475
2025-11-11,2333000,16727.0,0.0272,0.0475
2025-11-11,2333000,16727.0,0.0272,0.0475
2025-11-11,2360000,16727.0,0.0272,0.0475
2025-11-12,2367000,16761.0,0.0272,0.0475
2025-11-13,2396000,16711.0,0.0272,0.0475
2025-11-13,2396000,16711.0,0.0272,0.0475
2025-11-14,2398000,16702.0,0.0272,0.0475
2025-11-14,2398000,16702.0,0.0272,0.0475
2025-11-14,2398000,16702.0,0.0272,0.0475
2025-11-15,2348000,16702.0,0.0272,0.0475
2025-11-15,2348000,16702.0,0.0272,0.0475
2025-11-15,2348000,16702.0,0.0272,0.0475
2025-11-17,2351000,16735.0,0.0272,0.0475
2025-11-17,2351000,16735.0,0.0272,0.0475
2025-11-17,2351000,16735.0,0.0272,0.0475
2025-11-17,2351000,16735.0,0.0272,0.0475
2025-11-18,2322000,16756.0,0.0272,0.0475
2025-11-18,2322000,16756.0,0.0272,0.0475
2025-11-18,2322000,16756.0,0.0272,0.0475
2025-11-19,2343000,16718.0,0.0272,0.0475
2025-11-20,2364000,16749.0,0.0272,0.0475
2025-11-21,2348000,16718.0,0.0272,0.0475
2025-11-22,2341000,16718.0,0.0272,0.0475
2025-11-24,2340000,16633.0,0.0272,0.0475
2025-11-24,2340000,16633.0,0.0272,0.0475
2025-11-25,2380000,16609.0,0.0272,0.0475
2025-11-26,2378000,16649.0,0.0272,0.0475
2025-11-27,2387000,16640.0,0.0272,0.0475
2025-11-28,2383000,16660.0,0.0272,0.0475
2025-11-29,2413000,16660.0,0.0272,0.0475
2025-12-01,2415000,16590.0,0.0292,0.0475
2025-12-02,2425000,16625.0,0.0292,0.0475
2025-12-03,2412000,16623.0,0.0292,0.0475
2025-12-04,2406000,16655.0,0.0292,0.0475
2025-12-05,2407000,16672.0,0.0292,0.0475
2025-12-06,2404000,16672.0,0.0292,0.0475
2025-12-08,2409000,16693.0,0.0292,0.0475
2025-12-09,2403000,16674.0,0.0292,0.0475
2025-12-10,2416000,16683.0,0.0292,0.0475
2025-12-11,2431000,16676.0,0.0292,0.0475
2025-12-12,2453000,16652.0,0.0292,0.0475
2025-12-13,2462000,16652.0,0.0292,0.0475
2025-12-15,2464000,16683.0,0.0292,0.0475
2025-12-16,2464000,16665.0,0.0292,0.0475
2025-12-17,2470000,16692.0,0.0292,0.0475
2025-12-18,2487000,16717.0,0.0292,0.0475
2025-12-19,2483000,16736.0,0.0292,0.0475
2025-12-20,2491000,16736.0,0.0292,0.0475
2025-12-22,2502000,16776.0,0.0292,0.0475
2025-12-23,2561000,16787.0,0.0292,0.0475
2025-12-24,2590000,16747.0,0.0292,0.0475
2025-12-25,2576000,16747.0,0.0292,0.0475
2025-12-26,2589000,16747.0,0.0292,0.0475
2025-12-27,2605000,16747.0,0.0292,0.0475
2025-12-29,2596000,16771.0,0.0292,0.0475
2025-12-30,2501000,16765.0,0.0292,0.0475
2025-12-31,2501000,16716.0,0.0292,0.0475
2026-01-01,2488000,16716.0,0.0355,0.0475
2026-01-02,2504000,16716.0,0.0355,0.0475
2026-01-03,2488000,16716.0,0.0355,0.0475
2026-01-05,2515000,16740.0,0.0355,0.0475
2026-01-06,2549000,16770.0,0.0355,0.0475
2026-01-07,2584000,16768.0,0.0355,0.0475
2026-01-08,2570000,16836.0,0.0355,0.0475
2026-01-09,2577000,16860.0,0.0355,0.0475
2026-01-10,2602000,16860.0,0.0355,0.0475
2026-01-12,2631000,16893.0,0.0355,0.0475
2026-01-13,2652000,16864.0,0.0355,0.0475
2026-01-14,2665000,16872.0,0.0355,0.0475
2026-01-15,2675000,16897.0,0.0355,0.0475
2026-01-16,2669000,16918.0,0.0355,0.0475
2026-01-17,2663000,16918.0,0.0355,0.0475
2026-01-19,2703000,16974.0,0.0355,0.0475
2026-01-20,2705000,16946.0,0.0355,0.0475
2026-01-21,2737000,16911.0,0.0355,0.0475
2026-01-21,2772000,16911.0,0.0355,0.0475
2026-01-22,2790000,16875.0,0.0355,0.0475
2026-01-22,2805000,16875.0,0.0355,0.0475
2026-01-23,2880000,16823.0,0.0355,0.0475
2026-01-24,2887000,16823.0,0.0355,0.0475
2026-01-26,2917000,16778.0,0.0355,0.0475
2026-01-27,2916000,16716.0,0.0355,0.0475
2026-01-28,2968000,16742.0,0.0355,0.0475
2026-01-28,3003000,16742.0,0.0355,0.0475
2026-01-29,3168000,16782.0,0.0355,0.0475
2026-01-30,3120000,16788.0,0.0355,0.0475
2026-01-31,2860000,16788.0,0.0355,0.0475
2026-02-02,3027000,16799.0,0.0476,0.0475
2026-02-03,2844000,16770.0,0.0476,0.0475
2026-02-04,2973000,16794.0,0.0476,0.0475
2026-02-04,2946000,16794.0,0.0476,0.0475
2026-02-05,2956000,16867.0,0.0476,0.0475
2026-02-06,2856000,16873.0,0.0476,0.0475
2026-02-06,2890000,16873.0,0.0476,0.0475
2026-02-07,2920000,16873.0,0.0476,0.0475
2026-02-09,2940000,16827.0,0.0476,0.0475
2026-02-10,2954000,16787.0,0.0476,0.0475
2026-02-11,2947000,16800.0,0.0476,0.0475
2026-02-12,2947000,16830.0,0.0476,0.0475
2026-02-13,2904000,16823.0,0.0476,0.0475
2026-02-14,2954000,16823.0,0.0476,0.0475
2026-02-16,2940000,16818.0,0.0476,0.0475
2026-02-17,2918000,16829.0,0.0476,0.0475
2026-02-18,2878000,16885.0,0.0476,0.0475
2026-02-19,2912000,16918.0,0.0476,0.0475
2026-02-19,2916000,16918.0,0.0476,0.0475
2026-02-20,2944000,16889.0,0.0476,0.0475
2026-02-21,3012000,16889.0,0.0476,0.0475
2026-02-23,3028000,16822.0,0.0476,0.0475
2026-02-24,3068000,16833.0,0.0476,0.0475
2026-02-25,3023000,16814.0,0.0476,0.0475
2026-02-26,3039000,16767.0,0.0476,0.0475
2026-02-27,3045000,16801.0,0.0476,0.0475
2026-02-28,3085000,16801.0,0.0476,0.0475
2026-03-02,3135000,16876.0,0.0348,0.0475
2026-03-03,3122000,16895.0,0.0348,0.0475
2026-03-04,3045000,16855.0,0.0348,0.0475
2026-03-05,3049000,16909.0,0.0348,0.0475
2026-03-06,3024000,16973.0,0.0348,0.0475
2026-03-07,3059000,16973.0,0.0348,0.0475
2026-03-09,3004000,16942.0,0.0348,0.0475
2026-03-09,3039000,16942.0,0.0348,0.0475
2026-03-10,3047000,16866.0,0.0348,0.0475
2026-03-11,3087000,16898.0,0.0348,0.0475
2026-03-12,3042000,16886.0,0.0348,0.0475
2026-03-13,3021000,16900.0,0.0348,0.0475
2026-03-14,2997000,16900.0,0.0348,0.0475
2026-03-16,2992000,16965.0,0.0348,0.0475
2026-03-17,2988000,16958.0,0.0348,0.0475
2026-03-18,2996000,16994.0,0.0348,0.0475
2026-03-19,2943000,16961.0,0.0348,0.0475
2026-03-20,2893000,16925.0,0.0348,0.0475
2026-03-21,2893000,16925.0,0.0348,0.0475
2026-03-22,2893000,16925.0,0.0348,0.0475
2026-03-23,2843000,16896.0,0.0348,0.0475
2026-03-24,2843000,16891.0,0.0348,0.0475
2026-03-25,2850000,16858.0,0.0348,0.0475
2026-03-26,2850000,16917.0,0.0348,0.0475
2026-03-27,2810000,16983.0,0.0348,0.0475
2026-03-28,2837000,16983.0,0.0348,0.0475
2026-03-29,2837000,16983.0,0.0348,0.0475
2026-03-30,2807000,17018.0,0.0348,0.0475
2026-03-31,2837000,16965.0,0.0348,0.0475
2026-03-31,2827000,16965.0,0.0348,0.0475
2026-04-01,2902000,16914.0,0.0348,0.0475
2026-04-02,2922000,17011.0,0.0348,0.0475
2026-04-03,2857000,17011.0,0.0348,0.0475
2026-04-04,2857000,17011.0,0.0348,0.0475
2026-04-05,2857000,17011.0,0.0348,0.0475
2026-04-06,2831000,17011.0,0.0348,0.0475
2026-04-07,2850000,17070.0,0.0348,0.0475
2026-04-08,2900000,16976.0,0.0348,0.0475
2026-04-09,2850000,17097.0,0.0348,0.0475
2026-04-10,2857000,17095.0,0.0348,0.0475
2026-04-11,2860000,17095.0,0.0348,0.0475
2026-04-12,2860000,17095.0,0.0348,0.0475
2026-04-13,2818000,17188.0,0.0348,0.0475
2026-04-14,2863000,17131.0,0.0348,0.0475
2026-04-15,2893000,17154.0,0.0348,0.0475
2026-04-16,2888000,17140.0,0.0348,0.0475
2026-04-17,2868000,17180.0,0.0348,0.0475
2026-04-18,2884000,17180.0,0.0348,0.0475
2026-04-19,2884000,17180.0,0.0348,0.0475
2026-04-20,2840000,17176.0,0.0348,0.0475
2026-04-21,2880000,17149.8,0.0348,0.0475
2026-04-22,2830000,17149.8,0.0348,0.0475
2026-04-23,2805000,17286.6,0.0348,0.0475
2026-04-24,2888000,17245.1,0.0348,0.0475
2026-04-25,2825000,17245.1,0.0348,0.0475
2026-04-26,2825000,17245.1,0.0348,0.0475
2026-04-27,2809000,17204.0,0.0348,0.0475
2026-04-28,2814000,17208.1,0.0348,0.0475
2026-04-29,2784000,17357.0,0.0348,0.0475
2026-04-30,2769000,17327.2,0.0348,0.0475
2026-05-01,2799000,17283.0,0.0348,0.0475
